Id,class
"[ 99.18738  99.24689  99.21889 ...,  99.41163  98.88333  99.08803]","[ 99.18738  99.24689  99.21889 ...,  99.41163  98.88333  99.08803]"
"[1 1 1 ..., 1 1 1]","[1 1 1 ..., 1 1 1]"
